<?xml version="1.0" encoding="UTF-8"?>
<project-private xmlns="http://www.netbeans.org/ns/project-private/1">
    <editor-bookmarks xmlns="http://www.netbeans.org/ns/editor-bookmarks/2" lastBookmarkId="0"/>
    <open-files xmlns="http://www.netbeans.org/ns/projectui-open-files/2">
        <group>
            <file>file:/C:/Users/Diego%20R/Desktop/EQ11/Proyecto_E11/HospitalHMM/HospitalHMM/web/eliminar-paciente.jsp</file>
            <file>file:/C:/Users/Diego%20R/Desktop/EQ11/Proyecto_E11/HospitalHMM/HospitalHMM/src/java/data/Medicamento.java</file>
            <file>file:/C:/Users/Diego%20R/Desktop/EQ11/Proyecto_E11/HospitalHMM/HospitalHMM/web/eliminar-medicamento.jsp</file>
            <file>file:/C:/Users/Diego%20R/Desktop/EQ11/Proyecto_E11/HospitalHMM/HospitalHMM/web/fecha.jsp</file>
            <file>file:/C:/Users/Diego%20R/Desktop/EQ11/Proyecto_E11/HospitalHMM/HospitalHMM/src/java/data/DBConnector.java</file>
            <file>file:/C:/Users/Diego%20R/Desktop/EQ11/Proyecto_E11/HospitalHMM/HospitalHMM/web/agregar-paciente.jsp</file>
            <file>file:/C:/Users/Diego%20R/Desktop/EQ11/Proyecto_E11/HospitalHMM/HospitalHMM/web/detalles-paciente.jsp</file>
            <file>file:/C:/Users/Diego%20R/Desktop/EQ11/Proyecto_E11/HospitalHMM/HospitalHMM/web/agregar-medicamento.jsp</file>
            <file>file:/C:/Users/Diego%20R/Desktop/EQ11/Proyecto_E11/HospitalHMM/HospitalHMM/web/estadisticas-empleado.jsp</file>
            <file>file:/C:/Users/Diego%20R/Desktop/EQ11/Proyecto_E11/HospitalHMM/HospitalHMM/src/java/data/Paciente.java</file>
            <file>file:/C:/Users/Diego%20R/Desktop/EQ11/Proyecto_E11/HospitalHMM/HospitalHMM/src/java/data/Sexo.java</file>
            <file>file:/C:/Users/Diego%20R/Desktop/EQ11/Proyecto_E11/HospitalHMM/HospitalHMM/src/java/data/Empleado.java</file>
            <file>file:/C:/Users/Diego%20R/Desktop/EQ11/Proyecto_E11/HospitalHMM/HospitalHMM/src/java/DAO/EmpleadoDAO.java</file>
            <file>file:/C:/Users/Diego%20R/Desktop/EQ11/Proyecto_E11/HospitalHMM/HospitalHMM/web/empleados.jsp</file>
            <file>file:/C:/Users/Diego%20R/Desktop/EQ11/Proyecto_E11/HospitalHMM/HospitalHMM/web/estadisticas-paciente.jsp</file>
            <file>file:/C:/Users/Diego%20R/Desktop/EQ11/Proyecto_E11/HospitalHMM/HospitalHMM/src/java/Controller/ControllerEmpleado.java</file>
            <file>file:/C:/Users/Diego%20R/Desktop/EQ11/Proyecto_E11/HospitalHMM/HospitalHMM/web/medicamentos.jsp</file>
            <file>file:/C:/Users/Diego%20R/Desktop/EQ11/Proyecto_E11/HospitalHMM/HospitalHMM/web/estadisticas-medicamento.jsp</file>
            <file>file:/C:/Users/Diego%20R/Desktop/EQ11/Proyecto_E11/HospitalHMM/HospitalHMM/src/java/Controller/ControllerMedicamento.java</file>
            <file>file:/C:/Users/Diego%20R/Desktop/EQ11/Proyecto_E11/HospitalHMM/HospitalHMM/web/pacientes.jsp</file>
            <file>file:/C:/Users/Diego%20R/Desktop/EQ11/Proyecto_E11/HospitalHMM/HospitalHMM/web/estadisticas.jsp</file>
            <file>file:/C:/Users/Diego%20R/Desktop/EQ11/Proyecto_E11/HospitalHMM/HospitalHMM/web/detalles-medicamento.jsp</file>
            <file>file:/C:/Users/Diego%20R/Desktop/EQ11/Proyecto_E11/HospitalHMM/HospitalHMM/src/java/DAO/PacienteDAO.java</file>
            <file>file:/C:/Users/Diego%20R/Desktop/EQ11/Proyecto_E11/HospitalHMM/HospitalHMM/src/java/Controller/ControllerPaciente.java</file>
            <file>file:/C:/Users/Diego%20R/Desktop/EQ11/Proyecto_E11/HospitalHMM/HospitalHMM/web/actualizar-empleado.jsp</file>
            <file>file:/C:/Users/Diego%20R/Desktop/EQ11/Proyecto_E11/HospitalHMM/HospitalHMM/src/java/DAO/MedicamentoDAO.java</file>
            <file>file:/C:/Users/Diego%20R/Desktop/EQ11/Proyecto_E11/HospitalHMM/HospitalHMM/web/index.jsp</file>
            <file>file:/C:/Users/Diego%20R/Desktop/EQ11/Proyecto_E11/HospitalHMM/HospitalHMM/web/agregar-empleado.jsp</file>
            <file>file:/C:/Users/Diego%20R/Desktop/EQ11/Proyecto_E11/HospitalHMM/HospitalHMM/web/actualizar-paciente.jsp</file>
            <file>file:/C:/Users/Diego%20R/Desktop/EQ11/Proyecto_E11/HospitalHMM/HospitalHMM/web/crear-medicamento.jsp</file>
            <file>file:/C:/Users/Diego%20R/Desktop/EQ11/Proyecto_E11/HospitalHMM/HospitalHMM/web/crear-paciente.jsp</file>
        </group>
    </open-files>
</project-private>
